Workbook

Sheet Test Scenario
A1: Test Scenario — E-Car Traffic Light (POC / V1)
A3: โปรเจกต์ | C3: E-Car Traffic Light แยก J1
A4: เวอร์ชัน | C4: POC V1 (v1.0.4-field / v1.1)
A5: อุปกรณ์ | C5: Raspberry Pi 4, TF-Mini Plus ×4 (S1–S4), จอ ESP32-S3 + P5 64×32 ×3 (D1–D3)
A6: สถานที่ | C6: หน้างานแยก J1
A7: วันที่ทดสอบ | C7: 04/09/2026
A9: No | B9: หมวด | C9: หัวข้อทดสอบ | D9: เงื่อนไขก่อนทดสอบ | E9: ขั้นตอนทดสอบ | F9: ผลที่คาดหวัง | G9: ผลที่ได้จริง | H9: ผล | I9: หมายเหตุ
A10: 1 | B10: ติดตั้งระบบ | C10: ติดตั้งโปรแกรมบน Raspberry Pi | D10: Pi 4 ลง Raspberry Pi OS Bookworm, ต่อเน็ต | E10: sudo ./install.sh | F10: ติดตั้งครบ ไม่มี error, unit test ผ่าน, บริการ mosquitto ทำงาน | G10: ติดตั้งครบ ไม่มี error, unit test ผ่าน, บริการ mosquitto ทำงาน | H10: Pass
A11: 2 | B11: ติดตั้งระบบ | C11: ตรวจความพร้อมก่อนเทส (preflight) | D11: ติดตั้งเสร็จ, ต่อเซนเซอร์และจอครบ | E11: รัน friday_preflight.sh | F11: FAIL=0 | H11: Pass
A12: 3 | B12: ติดตั้งระบบ | C12: ผูกพอร์ตเซนเซอร์ S1–S4 | D12: ต่อ USB-RS485 ครบ 4 ตัว | E12: รัน USB mapping wizard แล้วเช็ค /dev/traffic-S1..S4 | F12: มี /dev/traffic-S1..S4 ครบ, บริการ trafficlight เปิดเอง | H12: Pass
A13: 4 | B13: เครือข่าย/MQTT | C13: IP ของ Pi ฝั่งจอ | D13: สาย LAN Pi → switch | E13: ip -br addr | F13: eth0 = 10.77.0.1/24 | H13: Pass
A14: 5 | B14: เครือข่าย/MQTT | C14: จอได้ IP และต่อ MQTT ได้ | D14: แฟลชจอ D1–D3 แล้ว, ต่อ switch | E14: ping 10.77.0.11–13, ดู mosquitto_sub | F14: ping ได้ทุกจอ, จอส่ง status online | H14: Pass
A15: 6 | B15: เครือข่าย/MQTT | C15: Mosquitto ขึ้นหลังบูต | D15: eth0 ได้ IP ช้ากว่าปกติ | E15: รีบูต Pi แล้วเช็ค systemctl is-active mosquitto | F15: mosquitto active ฟังที่ 10.77.0.1:1883 | G15: active | H15: Pass
A16: 7 | B16: จอแสดงผล | C16: จอแสดง GO | D16: จอออนไลน์ | E16: รัน display_test.sh ขั้น GO | F16: ทุกจอเป็นลูกศรเขียวพร้อมกัน | G16: เขียวหมด | H16: Pass
A17: 8 | B17: จอแสดงผล | C17: จอแสดง CAUTION | D17: จอออนไลน์ | E17: display_test.sh ขั้น CAUTION | F17: ทุกจอเป็นสามเหลี่ยมเหลือง | G17: เหลืองหมด | H17: Pass
A18: 9 | B18: จอแสดงผล | C18: จอแสดง STOP | D18: จอออนไลน์ | E18: display_test.sh ขั้น STOP | F18: ทุกจอเป็น X แดง | G18: แดงหมด | H18: Pass
A19: 10 | B19: จอแสดงผล | C19: คำสั่งไม่ครบ/ไม่รู้จัก ต้องไม่เขียว | D19: จอออนไลน์ | E19: ส่ง MQTT ที่ไม่มี field สี | F19: จอไม่แสดงเขียว (ขึ้นสามเหลี่ยมเหลือง) | G19: ขึ้นเหลือง ไม่เขียว | H19: Pass
A20: 11 | B20: จอแสดงผล | C20: การมองเห็นหน้างาน | D20: ติดจอตำแหน่งจริง | E20: มองจากระยะคนขับ | F20: ความสว่าง 60 มองเห็นชัด ไม่แสบตา | G20: มองเห็นชัด | H20: Pass
A21: 12 | B21: เซนเซอร์ | C21: S1–S4 อ่านค่าถูกตัว | D21: บริการ trafficlight ทำงาน | E21: เอาวัตถุบังทีละตัว ดู journalctl | F21: log ขึ้นชื่อเซนเซอร์ถูกตัว มีระยะ/strength ไม่มี offline | G21: ถูกตัวครบ 4 ตัว | H21: Pass
A22: 13 | B22: เซนเซอร์ | C22: ช่วงตรวจจับ 30–250 cm, strength ≥ 100 | D22: — | E22: บังที่ระยะนอกช่วง และวัตถุสะท้อนต่ำ | F22: นอกช่วง/สัญญาณอ่อน ไม่นับเป็นมีรถ | G22: ไม่นับ ตามคาด | H22: Pass
A23: 14 | B23: ลอจิกไฟ | C23: รถเข้า S4 → S3 ภายใน 5 s | D23: สถานะเขียว | E23: วิ่งผ่าน S4 แล้ว S3 | F23: ทุกจอเหลือง | G23: เหลือง | H23: Pass
A24: 15 | B24: ลอจิกไฟ | C24: S4 ตัวเดียวไม่ทำให้เหลือง | D24: สถานะเขียว | E24: บัง S4 อย่างเดียวแล้วถอย | F24: ยังเขียว | G24: ยังเขียว | H24: Pass
A25: 16 | B25: ลอจิกไฟ | C25: รถถึง S2 → S1 | D25: สถานะเหลือง | E25: วิ่งต่อผ่าน S2 แล้ว S1 | F25: ทุกจอแดงทันที | G25: แดงทันที | H25: Pass
A26: 17 | B26: ลอจิกไฟ | C26: แดงค้างตลอดที่ S1 ยังมีรถ | D26: สถานะแดง | E26: จอดค้างที่ S1 นานกว่า 5 s | F26: ยังแดง ไม่หมดเวลาเอง | G26: ค้างแดงจนรถออก | H26: Pass
... A40: 31 | B40: รีบูต/เริ่มเอง | C40: ค่าที่ตั้งยังอยู่หลังรีบูต | D40: — | E40: เช็ค /etc/trafficlight/settings.json หลังบูต | F40: ค่าเหมือนก่อนรีบูต | G40: ค่าเดิม | H40: Pass

Sheet Summary
A1: สรุปผลการทดสอบ
A3: หมวด | B3: จำนวนข้อ | C3: Pass | D3: Fail | E3: N/A | F3: ยังไม่ทดสอบ
A4: ติดตั้งระบบ | B4: =COUNTIF('Test Scenario'!$B$10:$B$40,A4) -> 3 | C4: =COUNTIFS('Test Scenario'!$B$10:$B$40,A4,'Test Scenario'!$H$10:$H$40,"Pass") -> 3 | D4: =COUNTIFS('Test Scenario'!$B$10:$B$40,A4,'Test Scenario'!$H$10:$H$40,"Fail") -> 0 | E4: =COUNTIFS('Test Scenario'!$B$10:$B$40,A4,'Test Scenario'!$H$10:$H$40,"N/A") -> 0 | F4: =B4-C4-D4-E4 -> 0
A5: เครือข่าย/MQTT | B5: =COUNTIF('Test Scenario'!$B$10:$B$40,A5) -> 3 | C5: =COUNTIFS('Test Scenario'!$B$10:$B$40,A5,'Test Scenario'!$H$10:$H$40,"Pass") -> 3 | D5: =COUNTIFS('Test Scenario'!$B$10:$B$40,A5,'Test Scenario'!$H$10:$H$40,"Fail") -> 0 | E5: =COUNTIFS('Test Scenario'!$B$10:$B$40,A5,'Test Scenario'!$H$10:$H$40,"N/A") -> 0 | F5: =B5-C5-D5-E5 -> 0
A6: จอแสดงผล | B6: =COUNTIF('Test Scenario'!$B$10:$B$40,A6) -> 5 | C6: =COUNTIFS('Test Scenario'!$B$10:$B$40,A6,'Test Scenario'!$H$10:$H$40,"Pass") -> 5 | D6: =COUNTIFS('Test Scenario'!$B$10:$B$40,A6,'Test Scenario'!$H$10:$H$40,"Fail") -> 0 | E6: =COUNTIFS('Test Scenario'!$B$10:$B$40,A6,'Test Scenario'!$H$10:$H$40,"N/A") -> 0 | F6: =B6-C6-D6-E6 -> 0
A7: เซนเซอร์ | B7: =COUNTIF('Test Scenario'!$B$10:$B$40,A7) -> 2 | C7: =COUNTIFS('Test Scenario'!$B$10:$B$40,A7,'Test Scenario'!$H$10:$H$40,"Pass") -> 2 | D7: =COUNTIFS('Test Scenario'!$B$10:$B$40,A7,'Test Scenario'!$H$10:$H$40,"Fail") -> 0 | E7: =COUNTIFS('Test Scenario'!$B$10:$B$40,A7,'Test Scenario'!$H$10:$H$40,"N/A") -> 0 | F7: =B7-C7-D7-E7 -> 0
A8: ลอจิกไฟ | B8: =COUNTIF('Test Scenario'!$B$10:$B$40,A8) -> 9 | C8: =COUNTIFS('Test Scenario'!$B$10:$B$40,A8,'Test Scenario'!$H$10:$H$40,"Pass") -> 9 | D8: =COUNTIFS('Test Scenario'!$B$10:$B$40,A8,'Test Scenario'!$H$10:$H$40,"Fail") -> 0 | E8: =COUNTIFS('Test Scenario'!$B$10:$B$40,A8,'Test Scenario'!$H$10:$H$40,"N/A") -> 0 | F8: =B8-C8-D8-E8 -> 0
A9: ทดสอบรถจริง | B9: =COUNTIF('Test Scenario'!$B$10:$B$40,A9) -> 2 | C9: =COUNTIFS('Test Scenario'!$B$10:$B$40,A9,'Test Scenario'!$H$10:$H$40,"Pass") -> 2 | D9: =COUNTIFS('Test Scenario'!$B$10:$B$40,A9,'Test Scenario'!$H$10:$H$40,"Fail") -> 0 | E9: =COUNTIFS('Test Scenario'!$B$10:$B$40,A9,'Test Scenario'!$H$10:$H$40,"N/A") -> 0 | F9: =B9-C9-D9-E9 -> 0
A10: ความผิดปกติ | B10: =COUNTIF('Test Scenario'!$B$10:$B$40,A10) -> 5 | C10: =COUNTIFS('Test Scenario'!$B$10:$B$40,A10,'Test Scenario'!$H$10:$H$40,"Pass") -> 5 | D10: =COUNTIFS('Test Scenario'!$B$10:$B$40,A10,'Test Scenario'!$H$10:$H$40,"Fail") -> 0 | E10: =COUNTIFS('Test Scenario'!$B$10:$B$40,A10,'Test Scenario'!$H$10:$H$40,"N/A") -> 0 | F10: =B10-C10-D10-E10 -> 0
A11: รีบูต/เริ่มเอง | B11: =COUNTIF('Test Scenario'!$B$10:$B$40,A11) -> 2 | C11: =COUNTIFS('Test Scenario'!$B$10:$B$40,A11,'Test Scenario'!$H$10:$H$40,"Pass") -> 2 | D11: =COUNTIFS('Test Scenario'!$B$10:$B$40,A11,'Test Scenario'!$H$10:$H$40,"Fail") -> 0 | E11: =COUNTIFS('Test Scenario'!$B$10:$B$40,A11,'Test Scenario'!$H$10:$H$40,"N/A") -> 0 | F11: =B11-C11-D11-E11 -> 0
A12: รวม | B12: =SUM(B4:B11) -> 31 | C12: =SUM(C4:C11) -> 31 | D12: =SUM(D4:D11) -> 0 | E12: =SUM(E4:E11) -> 0 | F12: =SUM(F4:F11) -> 0
A13: % ผ่าน (Pass / ข้อที่ทดสอบแล้ว) | C13: =IF(B12-F12-E12=0,"-",C12/(B12-F12-E12)) -> 1
